{"project_info":{"project_id":"inovex-zax","project_number":"","name":"inovex-zax"},"client":[{"client_info":{"mobilesdk_app_id":"","client_id":"android:com.inovex.zabbixmobile","client_type":1,"android_client_info":{"package_name":"com.inovex.zabbixmobile"}},"oauth_client":[],"api_key":[],"services":{"analytics_service":{"status":1},"cloud_messaging_service":{"status":2,"apns_config":[]},"appinvite_service":{"status":1,"other_platform_oauth_client":[]},"google_signin_service":{"status":1},"ads_service":{"status":1}}}],"client_info":[],"ARTIFACT_VERSION":"1"}